"Period","Site","mean_cover","se","n","pct.chg"
"Pre","Andavadoaka",35.5133333336667,10.7628687831176,3,NA
"Post","Andavadoaka",37.0833333333333,11.5276690088577,3,4.42087478783162
"Pre","Nosy Be",49.1075,6.62072550782767,4,NA
"Post","Nosy Be",28.72,7.2986014642076,4,-41.5160617013695
"Pre","Nosy Komba",60.9866666666667,2.25908781984627,3,NA
"Post","Nosy Komba",44.4766666666667,3.33647685107776,3,-27.0714910362921
