"Period","benthic_category","cover","se"
"Pre","HC",40.0338075443158,2.0129293827449
"Pre","FA",19.4899482095088,2.0543565671238
"Post","HC",32.2349902852982,1.81400425423546
"Post","FA",26.0638063390614,2.10723384904094
