"Period","island","mean_cover","se","n","pct.chg"
"Pre","Inner",33.2789655172414,3.05699324834074,29,NA
"Pre","Outer",44.0142857142857,5.86965428660582,14,NA
"Post","Inner",13.6010344827586,1.22026427978496,29,-59.1302365582484
"Post","Outer",36.6167857142857,5.55902655738382,14,-16.8070431678027
